<?xml version="1.0" encoding="UTF-8"?>
<project-private xmlns="http://www.netbeans.org/ns/project-private/1">
    <editor-bookmarks xmlns="http://www.netbeans.org/ns/editor-bookmarks/2" lastBookmarkId="0"/>
    <open-files xmlns="http://www.netbeans.org/ns/projectui-open-files/2">
        <group>
            <file>file:/C:/Users/yan_s/Desktop/macaco/src/java/Clicker/service/ItemFacadeREST.java</file>
            <file>file:/C:/Users/yan_s/Desktop/macaco/src/java/Clicker/dominio/Loja.java</file>
            <file>file:/C:/Users/yan_s/Desktop/macaco/src/java/Clicker/dominio/Usuario.java</file>
            <file>file:/C:/Users/yan_s/Desktop/macaco/src/java/Clicker/dominio/Jogo.java</file>
            <file>file:/C:/Users/yan_s/Desktop/macaco/src/java/Clicker/dominio/Update.java</file>
            <file>file:/C:/Users/yan_s/Desktop/macaco/src/java/Clicker/dominio/Item.java</file>
        </group>
    </open-files>
</project-private>
